{"convo_training": [{"training_id": 1, "timestamp": "2023-04-22T05:54:12.167449", "convo_details": {"intent_balance_check": 44, "intent_text_not_working": 33, "intent_sim_order": 28, "intent_internet_not_working": 26, "intent_calls_not_working": 23, "intent_sim_delivery_status": 21, "intent_sim_swap": 16, "intent_auto_renewal_status": 15, "intent_recharge_failure": 15, "intent_auto_renewal_enable": 9, "intent_bundle_cancellaton": 6, "intent_auto_renewal_disable": 4, "intent_activate_bundle": 3, "intent_port_out": 2, "intent_port_in": 1}, "total_convo_count": 246}, {"training_id": 1, "timestamp": "2023-04-22T05:54:12.167449", "convo_details": {"intent_balance_check": 44, "intent_text_not_working": 33, "intent_sim_order": 28, "intent_internet_not_working": 26, "intent_calls_not_working": 23, "intent_sim_delivery_status": 21, "intent_sim_swap": 16, "intent_auto_renewal_status": 15, "intent_recharge_failure": 15, "intent_auto_renewal_enable": 9, "intent_bundle_cancellaton": 6, "intent_auto_renewal_disable": 4, "intent_activate_bundle": 3, "intent_port_out": 2, "intent_port_in": 1}, "total_convo_count": 246}, {"training_id": 2, "timestamp": "2023-04-22T05:54:20.780890", "convo_details": {"intent_balance_check": 44, "intent_text_not_working": 33, "intent_sim_order": 28, "intent_internet_not_working": 26, "intent_calls_not_working": 23, "intent_sim_delivery_status": 21, "intent_sim_swap": 16, "intent_auto_renewal_status": 15, "intent_recharge_failure": 15, "intent_auto_renewal_enable": 9, "intent_bundle_cancellaton": 6, "intent_auto_renewal_disable": 4, "intent_activate_bundle": 3, "intent_port_out": 2, "intent_port_in": 1}, "total_convo_count": 246}, {"training_id": 3, "timestamp": "2023-04-24T11:42:06.025722", "convo_details": {"intent_balance_check": 44, "intent_text_not_working": 33, "intent_sim_order": 28, "intent_internet_not_working": 26, "intent_calls_not_working": 23, "intent_sim_delivery_status": 21, "intent_sim_swap": 16, "intent_auto_renewal_status": 15, "intent_recharge_failure": 15, "intent_auto_renewal_enable": 9, "intent_bundle_cancellaton": 6, "intent_auto_renewal_disable": 4, "intent_activate_bundle": 3, "intent_port_out": 2, "intent_port_in": 1}, "total_convo_count": 114.78036922216415}, {"training_id": 4, "timestamp": "2023-04-25T12:06:22.811952", "convo_details": {"intent_text_not_working": 48, "intent_calls_not_working": 47, "intent_balance_check": 47, "intent_sim_order": 41, "intent_internet_not_working": 39, "intent_auto_renewal_disable": 37, "intent_auto_renewal_status": 34, "intent_activate_bundle": 30, "intent_sim_swap": 26, "intent_auto_renewal_enable": 26, "intent_sim_delivery_status": 25, "intent_recharge_failure": 15, "intent_bundle_cancellaton": 11, "intent_sim_order_chat": 10, "intent_port_out": 4, "intent_port_in": 1}, "total_convo_count": 88.41530866920948}, {"training_id": 5, "timestamp": "2023-04-26T03:54:26.671201", "convo_details": {"good": 91174}, "total_convo_count": 91174}, {"training_id": 6, "timestamp": "2023-04-26T03:56:03.703248", "convo_details": {"good": 91174}, "total_convo_count": 91174}, {"training_id": 7, "timestamp": "2023-04-26T03:56:45.092966", "convo_details": {"good": 91174}, "total_convo_count": 91174}, {"training_id": 8, "timestamp": "2023-04-26T04:05:01.238751", "convo_details": {"good": 91174}, "total_convo_count": 91174}, {"training_id": 9, "timestamp": "2023-04-26T04:21:19.228546", "convo_details": {"good": 91174}, "total_convo_count": 91174}, {"training_id": 10, "timestamp": "2023-04-26T04:37:42.451490", "convo_details": {"good": 31717}, "total_convo_count": 31717}, {"training_id": 11, "timestamp": "2023-04-26T09:46:49.427969", "convo_details": {"intent_auto_renewal_enable": 60, "intent_calls_not_working": 57, "intent_balance_check": 56, "intent_text_not_working": 55, "intent_auto_renewal_status": 47, "intent_sim_order": 47, "intent_internet_not_working": 46, "intent_auto_renewal_disable": 44, "intent_sim_swap": 42, "intent_sim_delivery_status": 37, "intent_activate_bundle": 33, "intent_recharge_failure": 32, "intent_bundle_cancellaton": 14, "intent_sim_order_chat": 10, "intent_port_out": 4, "intent_port_in": 1}, "total_convo_count": 154.93150597810745}, {"training_id": 12, "timestamp": "2023-04-26T10:26:13.073453", "convo_details": {"intent_auto_renewal_enable": 60, "intent_calls_not_working": 57, "intent_balance_check": 56, "intent_text_not_working": 55, "intent_auto_renewal_status": 47, "intent_sim_order": 47, "intent_internet_not_working": 46, "intent_auto_renewal_disable": 44, "intent_sim_swap": 42, "intent_sim_delivery_status": 37, "intent_activate_bundle": 33, "intent_recharge_failure": 32, "intent_bundle_cancellaton": 14, "intent_sim_order_chat": 10, "intent_port_out": 4, "intent_port_in": 1}, "total_convo_count": 585}, {"training_id": 13, "timestamp": "2023-04-26T10:27:03.963846", "convo_details": {"intent_auto_renewal_enable": 60, "intent_calls_not_working": 57, "intent_balance_check": 56, "intent_text_not_working": 55, "intent_auto_renewal_status": 47, "intent_sim_order": 47, "intent_internet_not_working": 46, "intent_auto_renewal_disable": 44, "intent_sim_swap": 42, "intent_sim_delivery_status": 37, "intent_activate_bundle": 33, "intent_recharge_failure": 32, "intent_bundle_cancellaton": 14, "intent_sim_order_chat": 10, "intent_port_out": 4, "intent_port_in": 1}, "total_convo_count": 585, "total_loss": 0.07950516002996086}, {"training_id": 14, "timestamp": "2023-04-26T11:52:01.408641", "convo_details": {"intent_auto_renewal_enable": 60, "intent_calls_not_working": 57, "intent_balance_check": 56, "intent_text_not_working": 55, "intent_auto_renewal_status": 47, "intent_sim_order": 47, "intent_internet_not_working": 46, "intent_auto_renewal_disable": 44, "intent_sim_swap": 42, "intent_sim_delivery_status": 37, "intent_activate_bundle": 33, "intent_recharge_failure": 32, "intent_bundle_cancellaton": 14, "intent_sim_order_chat": 10, "intent_port_out": 4, "intent_port_in": 1}, "total_convo_count": 585, "total_loss": 0.08196190955793911}, {"training_id": 15, "timestamp": "2023-04-27T06:34:56.043194", "convo_details": {"intent_sim_order": 65, "intent_balance_check": 60, "intent_auto_renewal_enable": 60, "intent_calls_not_working": 58, "intent_text_not_working": 56, "intent_auto_renewal_disable": 49, "intent_internet_not_working": 47, "intent_auto_renewal_status": 47, "intent_sim_swap": 47, "intent_sim_delivery_status": 42, "intent_activate_bundle": 36, "intent_sim_order_chat": 34, "intent_recharge_failure": 32, "intent_bundle_cancellaton": 14, "intent_port_out": 6, "intent_port_in": 1}, "total_convo_count": 654}, {"training_id": 16, "timestamp": "2023-04-27T07:42:32.062912", "batch_size": null, "num_epochs": null, "learning_rate": null, "convo_details": {"intent_sim_order": 65, "intent_balance_check": 60, "intent_auto_renewal_enable": 60, "intent_calls_not_working": 58, "intent_text_not_working": 56, "intent_auto_renewal_disable": 49, "intent_internet_not_working": 47, "intent_auto_renewal_status": 47, "intent_sim_swap": 47, "intent_sim_delivery_status": 42, "intent_activate_bundle": 36, "intent_sim_order_chat": 34, "intent_recharge_failure": 32, "intent_bundle_cancellaton": 14, "intent_port_out": 6, "intent_port_in": 1}, "total_convo_count": 654}, {"training_id": 17, "timestamp": "2023-04-27T07:46:18.962326", "batch_size": null, "num_epochs": null, "learning_rate": null, "convo_details": {"intent_sim_order": 65, "intent_balance_check": 60, "intent_auto_renewal_enable": 60, "intent_calls_not_working": 58, "intent_text_not_working": 56, "intent_auto_renewal_disable": 49, "intent_internet_not_working": 47, "intent_auto_renewal_status": 47, "intent_sim_swap": 47, "intent_sim_delivery_status": 42, "intent_activate_bundle": 36, "intent_sim_order_chat": 34, "intent_recharge_failure": 32, "intent_bundle_cancellaton": 14, "intent_port_out": 6, "intent_port_in": 1}, "total_convo_count": 654}, {"training_id": 18, "timestamp": "2023-04-27T08:05:31.653005", "convo_details": {"intent_sim_order": 65, "intent_balance_check": 60, "intent_auto_renewal_enable": 60, "intent_calls_not_working": 58, "intent_text_not_working": 56, "intent_auto_renewal_disable": 49, "intent_internet_not_working": 47, "intent_auto_renewal_status": 47, "intent_sim_swap": 47, "intent_sim_delivery_status": 42, "intent_activate_bundle": 36, "intent_sim_order_chat": 34, "intent_recharge_failure": 32, "intent_bundle_cancellaton": 14, "intent_port_out": 6, "intent_port_in": 1}, "total_convo_count": 654, "total_loss": 0.0794701474976113}, {"training_id": 19, "timestamp": "2023-04-27T09:38:01.226903", "convo_details": {"intent_sim_order": 65, "intent_balance_check": 60, "intent_auto_renewal_enable": 60, "intent_calls_not_working": 58, "intent_text_not_working": 56, "intent_auto_renewal_disable": 49, "intent_internet_not_working": 47, "intent_auto_renewal_status": 47, "intent_sim_swap": 47, "intent_sim_delivery_status": 42, "intent_activate_bundle": 36, "intent_sim_order_chat": 34, "intent_recharge_failure": 32, "intent_bundle_cancellaton": 14, "intent_port_out": 6, "intent_port_in": 1}, "total_convo_count": 654, "total_loss": 0.018716000530046687}, {"training_id": 20, "timestamp": "2023-04-28T05:33:09.537143", "convo_details": {"intent_auto_renewal_status": 65, "intent_sim_order": 65, "intent_balance_check": 60, "intent_auto_renewal_enable": 60, "intent_calls_not_working": 58, "intent_text_not_working": 56, "intent_auto_renewal_disable": 49, "intent_internet_not_working": 47, "intent_sim_swap": 47, "intent_sim_delivery_status": 42, "intent_activate_bundle": 36, "intent_sim_order_chat": 34, "intent_recharge_failure": 32, "intent_bundle_cancellaton": 14, "intent_port_out": 10, "intent_port_in": 10, "intent_sim_lost": 9}, "total_convo_count": 694}, {"training_id": 21, "timestamp": "2023-04-28T05:34:55.391872", "convo_details": {"intent_auto_renewal_status": 65, "intent_sim_order": 65, "intent_balance_check": 60, "intent_auto_renewal_enable": 60, "intent_calls_not_working": 58, "intent_text_not_working": 56, "intent_auto_renewal_disable": 49, "intent_internet_not_working": 47, "intent_sim_swap": 47, "intent_sim_delivery_status": 42, "intent_activate_bundle": 36, "intent_sim_order_chat": 34, "intent_recharge_failure": 32, "intent_bundle_cancellaton": 14, "intent_port_out": 10, "intent_port_in": 10, "intent_sim_lost": 9}, "total_convo_count": 694, "total_loss": 0.01668672286789689}, {"training_id": 22, "timestamp": "2023-04-28T06:09:08.948456", "convo_details": {"intent_auto_renewal_status": 65, "intent_sim_order": 65, "intent_balance_check": 60, "intent_auto_renewal_enable": 60, "intent_calls_not_working": 58, "intent_text_not_working": 56, "intent_auto_renewal_disable": 49, "intent_internet_not_working": 47, "intent_sim_swap": 47, "intent_sim_delivery_status": 42, "intent_activate_bundle": 36, "intent_sim_order_chat": 34, "intent_recharge_failure": 32, "intent_bundle_cancellaton": 14, "intent_port_out": 10, "intent_port_in": 10, "intent_sim_lost": 9}, "total_convo_count": 694}, {"training_id": 23, "timestamp": "2023-04-28T06:10:36.460043", "convo_details": {"intent_auto_renewal_status": 65, "intent_sim_order": 65, "intent_balance_check": 60, "intent_auto_renewal_enable": 60, "intent_calls_not_working": 58, "intent_text_not_working": 56, "intent_auto_renewal_disable": 49, "intent_internet_not_working": 47, "intent_sim_swap": 47, "intent_sim_delivery_status": 42, "intent_activate_bundle": 36, "intent_sim_order_chat": 34, "intent_recharge_failure": 32, "intent_bundle_cancellaton": 14, "intent_port_out": 10, "intent_port_in": 10, "intent_sim_lost": 9}, "total_convo_count": 694, "total_loss": 0.0410720401115781}, {"training_id": 24, "timestamp": "2023-04-28T06:43:09.685937", "convo_details": {"intent_auto_renewal_status": 65, "intent_sim_order": 65, "intent_balance_check": 60, "intent_auto_renewal_enable": 60, "intent_calls_not_working": 58, "intent_text_not_working": 56, "intent_auto_renewal_disable": 49, "intent_internet_not_working": 47, "intent_sim_swap": 47, "intent_sim_delivery_status": 42, "intent_activate_bundle": 36, "intent_sim_order_chat": 34, "intent_recharge_failure": 32, "intent_bundle_cancellaton": 14, "intent_port_out": 10, "intent_port_in": 10, "intent_sim_lost": 9}, "total_convo_count": 694, "total_loss": 0.17966866640699333}, {"training_id": 25, "timestamp": "2023-04-28T08:11:58.744410", "convo_details": {"intent_auto_renewal_status": 65, "intent_sim_order": 65, "intent_balance_check": 60, "intent_auto_renewal_enable": 60, "intent_calls_not_working": 58, "intent_text_not_working": 56, "intent_auto_renewal_disable": 49, "intent_internet_not_working": 47, "intent_sim_swap": 47, "intent_sim_delivery_status": 42, "intent_activate_bundle": 36, "intent_sim_order_chat": 34, "intent_recharge_failure": 32, "intent_bundle_cancellaton": 14, "intent_port_out": 10, "intent_port_in": 10, "intent_sim_lost": 9}, "total_convo_count": 694, "total_loss": 0.04058819987309722}, {"training_id": 26, "timestamp": "2023-05-03T04:38:07.970477", "convo_details": {"intent_activate_bundle": 130, "intent_text_not_working": 124, "intent_balance_check": 124, "intent_auto_renewal_enable": 120, "intent_internet_not_working": 106, "intent_calls_not_working": 106, "intent_sim_delivery_status": 103, "intent_sim_order": 99, "intent_auto_renewal_status": 87, "intent_auto_renewal_disable": 86, "intent_sim_order_chat": 52, "intent_sim_swap": 47, "intent_recharge_failure": 32, "intent_bundle_cancellaton": 14, "intent_port_out": 10, "intent_port_in": 10, "intent_sim_lost": 9}, "total_convo_count": 1259, "total_loss": 0.057111142391658314}, {"training_id": 27, "timestamp": "2023-05-03T09:05:54.011491", "convo_details": {"intent_activate_bundle": 130, "intent_text_not_working": 124, "intent_balance_check": 124, "intent_auto_renewal_enable": 120, "intent_internet_not_working": 106, "intent_calls_not_working": 106, "intent_sim_delivery_status": 103, "intent_sim_order": 99, "intent_auto_renewal_status": 87, "intent_auto_renewal_disable": 86, "intent_sim_order_chat": 52, "intent_sim_swap": 47, "intent_recharge_failure": 32, "intent_bundle_cancellaton": 14, "intent_port_out": 10, "intent_port_in": 10, "intent_sim_lost": 9}, "total_convo_count": 1259, "total_loss": 0.016985451322370254}, {"training_id": 28, "timestamp": "2023-05-04T06:17:20.134702", "convo_details": {"intent_calls_not_working": 172, "intent_auto_renewal_status": 139, "intent_activate_bundle": 130, "intent_balance_check": 124, "intent_text_not_working": 123, "intent_auto_renewal_enable": 120, "intent_internet_not_working": 106, "intent_sim_delivery_status": 104, "intent_sim_order": 99, "intent_auto_renewal_disable": 96, "intent_sim_order_chat": 52, "intent_sim_swap": 47, "intent_recharge_failure": 32, "intent_bundle_cancellaton": 14, "intent_port_out": 10, "intent_port_in": 10, "intent_sim_lost": 9}, "total_convo_count": 1387, "total_loss": 0.03519125610225418}, {"training_id": 29, "timestamp": "2023-05-04T09:32:42.307259", "convo_details": {"intent_calls_not_working": 172, "intent_auto_renewal_status": 139, "intent_activate_bundle": 130, "intent_balance_check": 124, "intent_text_not_working": 123, "intent_auto_renewal_enable": 120, "intent_internet_not_working": 106, "intent_sim_delivery_status": 104, "intent_sim_order": 99, "intent_auto_renewal_disable": 96, "intent_sim_order_chat": 52, "intent_sim_swap": 47, "intent_recharge_failure": 32, "intent_bundle_cancellaton": 14, "intent_port_out": 10, "intent_port_in": 10, "intent_sim_lost": 9}, "total_convo_count": 1387, "total_loss": 0.030646015712325742}, {"training_id": 30, "timestamp": "2023-05-05T12:03:32.200074", "convo_details": {"intent_calls_not_working": 172, "intent_auto_renewal_status": 139, "intent_activate_bundle": 130, "intent_balance_check": 124, "intent_text_not_working": 123, "intent_auto_renewal_enable": 120, "intent_internet_not_working": 106, "intent_sim_delivery_status": 104, "intent_sim_order": 99, "intent_auto_renewal_disable": 96, "intent_sim_order_chat": 52, "intent_sim_swap": 47, "intent_recharge_failure": 32, "intent_bundle_cancellaton": 14, "intent_port_out": 10, "intent_port_in": 10, "intent_sim_lost": 9}, "total_convo_count": 1387, "total_loss": 0.022350287266388505}], "FAQ_training": [{"training_id": 1, "timestamp": "2023-04-22T05:56:27.871503"}, {"training_id": 2, "timestamp": "2023-04-22T05:59:07.559476"}, {"training_id": 3, "timestamp": "2023-04-22T05:59:09.371134"}, {"training_id": 4, "timestamp": "2023-04-22T06:10:17.195190", "total_training_data": 2134, "loss": 224.77754854783416}, {"training_id": 5, "timestamp": "2023-04-24T08:24:48.431720", "total_training_data": 2307, "loss": 142.83390372991562}, {"training_id": 6, "timestamp": "2023-04-24T09:03:45.591459", "total_training_data": 7944, "loss": 389.9798346310854}, {"training_id": 7, "timestamp": "2023-04-24T09:52:20.563165", "total_training_data": 7944, "loss": 322.63519009947777}, {"training_id": 8, "timestamp": "2023-04-24T10:21:23.780625", "total_training_data": 2307, "loss": 205.83702099323273}, {"training_id": 9, "timestamp": "2023-04-24T10:29:10.229224", "total_training_data": 2307, "loss": 220.15465795993805}, {"training_id": 10, "timestamp": "2023-04-25T05:12:05.120024", "total_training_data": 2487, "loss": 215.72405034303665}, {"training_id": 11, "timestamp": "2023-04-25T05:27:40.593731", "total_training_data": 2487, "loss": 270.60922652482986}, {"training_id": 12, "timestamp": "2023-04-25T14:14:53.411220", "total_training_data": 2631, "loss": 317.8631924390793}, {"training_id": 13, "timestamp": "2023-04-26T09:16:01.553450", "total_training_data": 2631, "loss": 222.54895728826523}, {"training_id": 14, "timestamp": "2023-04-27T05:04:08.596334", "total_training_data": 2632, "loss": 0.16139429252832493}, {"training_id": 15, "timestamp": "2023-05-03T03:38:11.634728", "total_training_data": 3013, "loss": 0.09633720695596576}, {"training_id": 16, "timestamp": "2023-05-03T04:03:46.222297", "total_training_data": 2616, "loss": 0.20598073481419765}, {"training_id": 17, "timestamp": "2023-05-03T12:37:34.960184", "total_training_data": 3036, "loss": 0.22896573622864383}, {"training_id": 18, "timestamp": "2023-05-03T13:04:17.099254", "total_training_data": 3036, "loss": 0.06966970011847136}, {"training_id": 19, "timestamp": "2023-05-03T13:40:48.853160", "total_training_data": 3036, "loss": 0.02724356980496166}, {"training_id": 20, "timestamp": "2023-05-04T14:28:27.826462", "total_training_data": 2522, "loss": 0.017377362332493658}, {"training_id": 21, "timestamp": "2023-05-05T04:02:45.144051", "total_training_data": 2522, "loss": 0.08893402392291343}, {"training_id": 22, "timestamp": "2023-05-05T04:19:05.666255", "total_training_data": 2522, "loss": 0.1545251568898996}, {"training_id": 23, "timestamp": "2023-05-05T04:28:16.310407", "total_training_data": 2522, "loss": 0.03076621623005213}, {"training_id": 24, "timestamp": "2023-05-05T05:06:54.856670", "total_training_data": 2522, "loss": 0.07433721714436677}, {"training_id": 25, "timestamp": "2023-05-06T10:31:56.794108", "total_training_data": 2541, "loss": 0.08227566261077575}, {"training_id": 26, "timestamp": "2023-05-06T10:48:02.667137", "total_training_data": 2541, "loss": 0.0459074269289672}, {"training_id": 27, "timestamp": "2023-05-09T04:03:08.276038", "total_training_data": 2541, "loss": 0.11577699044613048}, {"training_id": 28, "timestamp": "2023-05-09T05:12:32.826137", "total_training_data": 30, "loss": 0.07600556810696919}, {"training_id": 29, "timestamp": "2023-05-09T05:20:49.377821", "total_training_data": 2571, "loss": 0.06379519726389904}, {"training_id": 30, "timestamp": "2023-05-09T06:31:03.964893", "total_training_data": 2571, "loss": 0.16227462337157086}, {"training_id": 31, "timestamp": "2023-05-09T06:56:41.068026", "total_training_data": 2571, "loss": 0.0377771962493461}]}